<?xml version="1.0" encoding="UTF-8" standalone="no"?>
<QE>
    <Segment id="Project">
        <Setting id="SrcGeneratedPath" value="src/smc_gen"/>
    </Segment>
    <Segment id="Pin">
        <Setting id="EMLE" value="EMLE"/>
        <Setting id="PD7" value="PD7"/>
        <Setting id="PD6" value="PD6"/>
        <Setting id="MD" value="FINED"/>
    </Segment>
    <Segment id="Device">
        <Setting id="Series" value="RX600"/>
        <Setting id="Group" value="RX65N"/>
        <Setting id="Board" value="TargetBoardRX65N"/>
        <Setting id="PartNo" value="R5F565NEDxFP"/>
        <Setting id="PinCount" value="100"/>
    </Segment>
    <Segment id="Clock">
        <Setting id="PCLKD" value="60000.0"/>
        <Setting id="PLLCLK" value="240000.0"/>
        <Setting id="PCLKB" value="60000.0"/>
        <Setting id="CacHocoCLK" value="16000.0"/>
        <Setting id="VCC" value="3.3"/>
        <Setting id="PCLKC" value="60000.0"/>
        <Setting id="BusCLK" value="120000.0"/>
        <Setting id="PCLKA" value="120000.0"/>
        <Setting id="ICLK" value="120000.0"/>
        <Setting id="FCLK" value="60000.0"/>
        <Setting id="SysCLKSrc" value="4.0"/>
        <Setting id="ExtCLK" value="24000.0"/>
    </Segment>
    <Segment id="Component">
        <Setting id="r_bsp" value="FIT"/>
        <Setting id="FreeRTOS_Object" value=""/>
        <Setting id="Config_PORT" value="CG"/>
        <Setting id="FreeRTOS_Kernel" value=""/>
        <Segment component="r_bsp7.54" id="r_bsp" source="com.renesas.smc.tools.swcomponent.fit.source">
            <Setting id="BSP_CFG_SWINT_UNIT1_ENABLE" value="0"/>
            <Setting id="BSP_CFG_LOW_LEVEL_INTERFACE_STDIO_ENABLE" value="1"/>
            <Setting id="BSP_CFG_SWINT_UNIT2_ENABLE" value="0"/>
            <Setting id="BSP_CFG_LOW_LEVEL_INTERFACE_REENTRANT_LIB_ENABLE" value="1"/>
            <Setting id="BSP_CFG_USER_ENTER_CRITICAL_FUNCTION" value="my_enter_critical_function"/>
            <Setting id="BSP_CFG_USER_WARM_START_POST_C_FUNCTION" value="my_sw_warmstart_postc_function"/>
            <Setting id="BSP_CFG_INTERNAL_PERIPHERAL_BUS2_3_PRIORITY" value="0"/>
            <Setting id="BSP_CFG_USER_WARM_START_PRE_C_FUNCTION" value="my_sw_warmstart_prec_function"/>
            <Setting id="BSP_CFG_PARAM_CHECKING_ENABLE" value="1"/>
            <Setting id="BSP_CFG_SERIAL_PROGRAMMER_CONECT_ENABLE" value="1"/>
            <Setting id="BSP_CFG_SCI_UART_TERMINAL_INTERRUPT_PRIORITY" value="15"/>
            <Setting id="BSP_CFG_INTERNAL_PERIPHERAL_BUS1_PRIORITY" value="0"/>
            <Setting id="BSP_CFG_USER_WARM_START_CALLBACK_PRE_INITC_ENABLED" value="0"/>
            <Setting id="BSP_CFG_LOW_LEVEL_INTERFACE_SBRK_ENABLE" value="1"/>
            <Setting id="BSP_CFG_USTACK_BYTES" value="0x1000"/>
            <Setting id="BSP_CFG_MEMORY_BUS2_PRIORITY" value="0"/>
            <Setting id="BSP_CFG_INTERNAL_PERIPHERAL_BUS4_5_PRIORITY" value="0"/>
            <Setting id="BSP_CFG_EXTERNAL_BUS_PRIORITY" value="0"/>
            <Setting id="BSP_CFG_IO_LIB_ENABLE" value="1"/>
            <Setting id="BSP_CFG_MEMORY_BUS1_3_PRIORITY" value="0"/>
            <Setting id="BSP_CFG_BUS_PRIORITY_INITIALIZE_ENABLE" value="0"/>
            <Setting id="BSP_CFG_ID_CODE_LONG_4" value="0xFFFFFFFF"/>
            <Setting id="BSP_CFG_ID_CODE_LONG_2" value="0xFFFFFFFF"/>
            <Setting id="BSP_CFG_EBMAPCR_2ND_PRIORITY" value="3"/>
            <Setting id="BSP_CFG_ID_CODE_LONG_3" value="0xFFFFFFFF"/>
            <Setting id="BSP_CFG_USER_CHARPUT_FUNCTION" value="my_sw_charput_function"/>
            <Setting id="BSP_CFG_TRUSTED_MODE_FUNCTION" value="0xFFFFFFFF"/>
            <Setting id="BSP_CFG_SCI_UART_TERMINAL_BITRATE" value="115200"/>
            <Setting id="BSP_CFG_SWINT_TASK_BUFFER_NUMBER" value="8"/>
            <Setting id="BSP_CFG_USER_LOCKING_HW_UNLOCK_FUNCTION" value="my_hw_unlocking_function"/>
            <Setting id="BSP_CFG_ID_CODE_LONG_1" value="0xFFFFFFFF"/>
            <Setting id="BSP_CFG_USER_STACK_ENABLE" value="1"/>
            <Setting id="BSP_CFG_SCI_UART_TERMINAL_ENABLE" value="0"/>
            <Setting id="BSP_CFG_INTERNAL_PERIPHERAL_BUS6_PRIORITY" value="0"/>
            <Setting id="BSP_CFG_USER_LOCKING_SW_UNLOCK_FUNCTION" value="my_sw_unlocking_function"/>
            <Setting id="BSP_CFG_USER_CHARPUT_ENABLED" value="0"/>
            <Setting id="BSP_CFG_SWINT_IPR_INITIAL_VALUE" value="0x1"/>
            <Setting id="BSP_CFG_RUN_IN_USER_MODE" value="0"/>
            <Setting id="BSP_CFG_USER_LOCKING_HW_LOCK_FUNCTION" value="my_hw_locking_function"/>
            <Setting id="BSP_CFG_EBMAPCR_3RD_PRIORITY" value="1"/>
            <Setting id="BSP_CFG_ROMCODE_REG_VALUE" value="0xFFFFFFFF"/>
            <Setting id="BSP_CFG_ROM_CACHE_ENABLE" value="0"/>
            <Setting id="BSP_CFG_USER_EXIT_CRITICAL_FUNCTION" value="my_exit_critical_function"/>
            <Setting id="BSP_CFG_USER_LOCKING_TYPE" value="bsp_lock_t"/>
            <Setting id="BSP_CFG_HEAP_BYTES" value="0x400"/>
            <Setting id="BSP_CFG_FIT_IPL_MAX" value="0xF"/>
            <Setting id="BSP_CFG_BOOTLOADER_PROJECT" value="0"/>
            <Setting id="BSP_CFG_EBMAPCR_4TH_PRIORITY" value="2"/>
            <Setting id="BSP_CFG_USER_LOCKING_SW_LOCK_FUNCTION" value="my_sw_locking_function"/>
            <Setting id="BSP_CFG_ISTACK_BYTES" value="0x400"/>
            <Setting id="BSP_CFG_SCI_UART_TERMINAL_CHANNEL" value="8"/>
            <Setting id="BSP_CFG_USER_LOCKING_ENABLED" value="0"/>
            <Setting id="BSP_CFG_USER_CHARGET_ENABLED" value="0"/>
            <Setting id="BSP_CFG_USER_CHARGET_FUNCTION" value="my_sw_charget_function"/>
            <Setting id="BSP_CFG_CODE_FLASH_START_BANK" value="0"/>
            <Setting id="BSP_CFG_FAW_REG_VALUE" value="0xFFFFFFFF"/>
            <Setting id="BSP_CFG_EBMAPCR_5TH_PRIORITY" value="4"/>
            <Setting id="BSP_CFG_USER_WARM_START_CALLBACK_POST_INITC_ENABLED" value="0"/>
            <Setting id="BSP_CFG_USER_EXCLUSIVE_CONTROL_ENABLE" value="0"/>
            <Setting id="BSP_CFG_EBMAPCR_1ST_PRIORITY" value="0"/>
        </Segment>
        <Segment component="com.renesas.smc.tools.swcomponent.rtosconfigurator.freertos.objectfreertos10.4.3-rx-1.0.10" id="FreeRTOS_Object" source="com.renesas.smc.tools.swcomponent.rtosconfigurator.source"/>
        <Segment component="com.renesas.smc.tools.swcomponent.codegenerator.port" id="Config_PORT" source="com.renesas.smc.tools.swcomponent.codegenerator.source">
            <Setting id="UnuseOutput" value="NoChange"/>
            <Segment id="PORT0_Check">
                <Setting id="PortnEnable" value="Disable"/>
            </Segment>
            <Segment id="PORT3_Chan">
                <Setting id="HighdriveSelectAll" value="HighdriveNormalAll"/>
                <Setting id="Output1All" value="Output1Alldisable"/>
                <Setting id="UseStatusAll" value="UnuseAll"/>
                <Setting id="ApplyAll" value="ApplyallUnuse"/>
                <Setting id="PullupAll" value="PullupAlldisable"/>
                <Setting id="OpendrainAll" value="OpendrainAlldisable"/>
                <Segment id="PORTx4_Item">
                    <Setting id="UseStatus" value="Unuse"/>
                    <Setting id="HighdriveSelect" value="HighdriveNormal"/>
                    <Setting id="Pullup" value="Pullupdisable"/>
                    <Setting id="Output1" value="Output1disable"/>
                    <Setting id="Opendrain" value="Opendraindisable"/>
                </Segment>
                <Segment id="PORTx3_Item">
                    <Setting id="UseStatus" value="Unuse"/>
                    <Setting id="HighdriveSelect" value="HighdriveNormal"/>
                    <Setting id="Pullup" value="Pullupdisable"/>
                    <Setting id="Output1" value="Output1disable"/>
                    <Setting id="Opendrain" value="Opendraindisable"/>
                </Segment>
                <Segment id="PORTx7_Item">
                    <Setting id="UseStatus" value="Unuse"/>
                    <Setting id="HighdriveSelect" value="HighdriveNormal"/>
                    <Setting id="Pullup" value="Pullupdisable"/>
                    <Setting id="Output1" value="Output1disable"/>
                    <Setting id="Opendrain" value="Opendraindisable"/>
                </Segment>
                <Segment id="PORTx0_Item">
                    <Setting id="UseStatus" value="Unuse"/>
                    <Setting id="HighdriveSelect" value="HighdriveOut"/>
                    <Setting id="Pullup" value="Pullupdisable"/>
                    <Setting id="Output1" value="Output1disable"/>
                    <Setting id="Opendrain" value="Opendraindisable"/>
                </Segment>
                <Segment id="PORTx2_Item">
                    <Setting id="UseStatus" value="Unuse"/>
                    <Setting id="HighdriveSelect" value="HighdriveNormal"/>
                    <Setting id="Pullup" value="Pullupdisable"/>
                    <Setting id="Output1" value="Output1disable"/>
                    <Setting id="Opendrain" value="Opendraindisable"/>
                </Segment>
                <Segment id="PORTx6_Item">
                    <Setting id="UseStatus" value="Unuse"/>
                    <Setting id="HighdriveSelect" value="HighdriveNormal"/>
                    <Setting id="Pullup" value="Pullupdisable"/>
                    <Setting id="Output1" value="Output1disable"/>
                    <Setting id="Opendrain" value="Opendraindisable"/>
                </Segment>
                <Segment id="PORTx1_Item">
                    <Setting id="UseStatus" value="Unuse"/>
                    <Setting id="HighdriveSelect" value="HighdriveOut"/>
                    <Setting id="Pullup" value="Pullupdisable"/>
                    <Setting id="Output1" value="Output1disable"/>
                    <Setting id="Opendrain" value="Opendraindisable"/>
                </Segment>
                <Segment id="PORTx5_Item">
                    <Setting id="UseStatus" value="Unuse"/>
                    <Setting id="HighdriveSelect" value="HighdriveNormal"/>
                    <Setting id="Pullup" value="Pullupdisable"/>
                    <Setting id="Output1" value="Output1disable"/>
                    <Setting id="Opendrain" value="Opendraindisable"/>
                </Segment>
            </Segment>
            <Segment id="PORT0_Chan">
                <Setting id="HighdriveSelectAll" value="HighdriveNormalAll"/>
                <Setting id="Output1All" value="Output1Alldisable"/>
                <Setting id="UseStatusAll" value="UnuseAll"/>
                <Setting id="ApplyAll" value="ApplyallUnuse"/>
                <Setting id="PullupAll" value="PullupAlldisable"/>
                <Setting id="OpendrainAll" value="OpendrainAlldisable"/>
                <Segment id="PORTx7_Item">
                    <Setting id="UseStatus" value="Unuse"/>
                    <Setting id="HighdriveSelect" value="HighdriveNormal"/>
                    <Setting id="Pullup" value="Pullupdisable"/>
                    <Setting id="Output1" value="Output1disable"/>
                    <Setting id="Opendrain" value="Opendraindisable"/>
                </Segment>
                <Segment id="PORTx5_Item">
                    <Setting id="UseStatus" value="Unuse"/>
                    <Setting id="HighdriveSelect" value="HighdriveNormal"/>
                    <Setting id="Pullup" value="Pullupdisable"/>
                    <Setting id="Output1" value="Output1disable"/>
                    <Setting id="Opendrain" value="Opendraindisable"/>
                </Segment>
            </Segment>
            <Segment id="PORTB_Check">
                <Setting id="PortnEnable" value="Disable"/>
            </Segment>
            <Segment id="PORTC_Chan">
                <Setting id="HighdriveSelectAll" value="HighdriveNormalAll"/>
                <Setting id="Output1All" value="Output1Alldisable"/>
                <Setting id="UseStatusAll" value="UnuseAll"/>
                <Setting id="ApplyAll" value="ApplyallUnuse"/>
                <Setting id="PullupAll" value="PullupAlldisable"/>
                <Setting id="OpendrainAll" value="OpendrainAlldisable"/>
                <Segment id="PORTx4_Item">
                    <Setting id="UseStatus" value="Unuse"/>
                    <Setting id="HighdriveSelect" value="HighdriveNormal"/>
                    <Setting id="Pullup" value="Pullupdisable"/>
                    <Setting id="Output1" value="Output1disable"/>
                    <Setting id="Opendrain" value="Opendraindisable"/>
                </Segment>
                <Segment id="PORTx3_Item">
                    <Setting id="UseStatus" value="Unuse"/>
                    <Setting id="HighdriveSelect" value="HighdriveNormal"/>
                    <Setting id="Pullup" value="Pullupdisable"/>
                    <Setting id="Output1" value="Output1disable"/>
                    <Setting id="Opendrain" value="Opendraindisable"/>
                </Segment>
                <Segment id="PORTx7_Item">
                    <Setting id="UseStatus" value="Unuse"/>
                    <Setting id="HighdriveSelect" value="HighdriveNormal"/>
                    <Setting id="Pullup" value="Pullupdisable"/>
                    <Setting id="Output1" value="Output1disable"/>
                    <Setting id="Opendrain" value="Opendraindisable"/>
                </Segment>
                <Segment id="PORTx0_Item">
                    <Setting id="UseStatus" value="Unuse"/>
                    <Setting id="HighdriveSelect" value="HighdriveNormal"/>
                    <Setting id="Pullup" value="Pullupdisable"/>
                    <Setting id="Output1" value="Output1disable"/>
                    <Setting id="Opendrain" value="Opendraindisable"/>
                </Segment>
                <Segment id="PORTx2_Item">
                    <Setting id="UseStatus" value="Unuse"/>
                    <Setting id="HighdriveSelect" value="HighdriveNormal"/>
                    <Setting id="Pullup" value="Pullupdisable"/>
                    <Setting id="Output1" value="Output1disable"/>
                    <Setting id="Opendrain" value="Opendraindisable"/>
                </Segment>
                <Segment id="PORTx6_Item">
                    <Setting id="UseStatus" value="Unuse"/>
                    <Setting id="HighdriveSelect" value="HighdriveNormal"/>
                    <Setting id="Pullup" value="Pullupdisable"/>
                    <Setting id="Output1" value="Output1disable"/>
                    <Setting id="Opendrain" value="Opendraindisable"/>
                </Segment>
                <Segment id="PORTx1_Item">
                    <Setting id="UseStatus" value="Unuse"/>
                    <Setting id="HighdriveSelect" value="HighdriveNormal"/>
                    <Setting id="Pullup" value="Pullupdisable"/>
                    <Setting id="Output1" value="Output1disable"/>
                    <Setting id="Opendrain" value="Opendraindisable"/>
                </Segment>
                <Segment id="PORTx5_Item">
                    <Setting id="UseStatus" value="Unuse"/>
                    <Setting id="HighdriveSelect" value="HighdriveNormal"/>
                    <Setting id="Pullup" value="Pullupdisable"/>
                    <Setting id="Output1" value="Output1disable"/>
                    <Setting id="Opendrain" value="Opendraindisable"/>
                </Segment>
            </Segment>
            <Segment id="PORTC_Check">
                <Setting id="PortnEnable" value="Disable"/>
            </Segment>
            <Segment id="PORT1_Check">
                <Setting id="PortnEnable" value="Disable"/>
            </Segment>
            <Segment id="PORTB_Chan">
                <Setting id="HighdriveSelectAll" value="HighdriveNormalAll"/>
                <Setting id="Output1All" value="Output1Alldisable"/>
                <Setting id="UseStatusAll" value="UnuseAll"/>
                <Setting id="ApplyAll" value="ApplyallUnuse"/>
                <Setting id="PullupAll" value="PullupAlldisable"/>
                <Setting id="OpendrainAll" value="OpendrainAlldisable"/>
                <Segment id="PORTx4_Item">
                    <Setting id="UseStatus" value="Unuse"/>
                    <Setting id="HighdriveSelect" value="HighdriveNormal"/>
                    <Setting id="Pullup" value="Pullupdisable"/>
                    <Setting id="Output1" value="Output1disable"/>
                    <Setting id="Opendrain" value="Opendraindisable"/>
                </Segment>
                <Segment id="PORTx3_Item">
                    <Setting id="UseStatus" value="Unuse"/>
                    <Setting id="HighdriveSelect" value="HighdriveNormal"/>
                    <Setting id="Pullup" value="Pullupdisable"/>
                    <Setting id="Output1" value="Output1disable"/>
                    <Setting id="Opendrain" value="Opendraindisable"/>
                </Segment>
                <Segment id="PORTx7_Item">
                    <Setting id="UseStatus" value="Unuse"/>
                    <Setting id="HighdriveSelect" value="HighdriveNormal"/>
                    <Setting id="Pullup" value="Pullupdisable"/>
                    <Setting id="Output1" value="Output1disable"/>
                    <Setting id="Opendrain" value="Opendraindisable"/>
                </Segment>
                <Segment id="PORTx0_Item">
                    <Setting id="UseStatus" value="Unuse"/>
                    <Setting id="HighdriveSelect" value="HighdriveNormal"/>
                    <Setting id="Pullup" value="Pullupdisable"/>
                    <Setting id="Output1" value="Output1disable"/>
                    <Setting id="Opendrain" value="Opendraindisable"/>
                </Segment>
                <Segment id="PORTx2_Item">
                    <Setting id="UseStatus" value="Unuse"/>
                    <Setting id="HighdriveSelect" value="HighdriveNormal"/>
                    <Setting id="Pullup" value="Pullupdisable"/>
                    <Setting id="Output1" value="Output1disable"/>
                    <Setting id="Opendrain" value="Opendraindisable"/>
                </Segment>
                <Segment id="PORTx6_Item">
                    <Setting id="UseStatus" value="Unuse"/>
                    <Setting id="HighdriveSelect" value="HighdriveNormal"/>
                    <Setting id="Pullup" value="Pullupdisable"/>
                    <Setting id="Output1" value="Output1disable"/>
                    <Setting id="Opendrain" value="Opendraindisable"/>
                </Segment>
                <Segment id="PORTx1_Item">
                    <Setting id="UseStatus" value="Unuse"/>
                    <Setting id="HighdriveSelect" value="HighdriveNormal"/>
                    <Setting id="Pullup" value="Pullupdisable"/>
                    <Setting id="Output1" value="Output1disable"/>
                    <Setting id="Opendrain" value="Opendraindisable"/>
                </Segment>
                <Segment id="PORTx5_Item">
                    <Setting id="UseStatus" value="Unuse"/>
                    <Setting id="HighdriveSelect" value="HighdriveNormal"/>
                    <Setting id="Pullup" value="Pullupdisable"/>
                    <Setting id="Output1" value="Output1disable"/>
                    <Setting id="Opendrain" value="Opendraindisable"/>
                </Segment>
            </Segment>
            <Segment id="PORTJ_Check">
                <Setting id="PortnEnable" value="Disable"/>
            </Segment>
            <Segment id="PORT2_Chan">
                <Setting id="HighdriveSelectAll" value="HighdriveNormalAll"/>
                <Setting id="Output1All" value="Output1Alldisable"/>
                <Setting id="UseStatusAll" value="UnuseAll"/>
                <Setting id="ApplyAll" value="ApplyallUnuse"/>
                <Setting id="PullupAll" value="PullupAlldisable"/>
                <Setting id="OpendrainAll" value="OpendrainAlldisable"/>
                <Segment id="PORTx4_Item">
                    <Setting id="UseStatus" value="Unuse"/>
                    <Setting id="HighdriveSelect" value="HighdriveNormal"/>
                    <Setting id="Pullup" value="Pullupdisable"/>
                    <Setting id="Output1" value="Output1disable"/>
                    <Setting id="Opendrain" value="Opendraindisable"/>
                </Segment>
                <Segment id="PORTx3_Item">
                    <Setting id="UseStatus" value="Unuse"/>
                    <Setting id="HighdriveSelect" value="HighdriveOut"/>
                    <Setting id="Pullup" value="Pullupdisable"/>
                    <Setting id="Output1" value="Output1disable"/>
                    <Setting id="Opendrain" value="Opendraindisable"/>
                </Segment>
                <Segment id="PORTx7_Item">
                    <Setting id="UseStatus" value="Unuse"/>
                    <Setting id="HighdriveSelect" value="HighdriveNormal"/>
                    <Setting id="Pullup" value="Pullupdisable"/>
                    <Setting id="Output1" value="Output1disable"/>
                    <Setting id="Opendrain" value="Opendraindisable"/>
                </Segment>
                <Segment id="PORTx0_Item">
                    <Setting id="UseStatus" value="Unuse"/>
                    <Setting id="HighdriveSelect" value="HighdriveOut"/>
                    <Setting id="Pullup" value="Pullupdisable"/>
                    <Setting id="Output1" value="Output1disable"/>
                    <Setting id="Opendrain" value="Opendraindisable"/>
                </Segment>
                <Segment id="PORTx2_Item">
                    <Setting id="UseStatus" value="Unuse"/>
                    <Setting id="HighdriveSelect" value="HighdriveOut"/>
                    <Setting id="Pullup" value="Pullupdisable"/>
                    <Setting id="Output1" value="Output1disable"/>
                    <Setting id="Opendrain" value="Opendraindisable"/>
                </Segment>
                <Segment id="PORTx6_Item">
                    <Setting id="UseStatus" value="Unuse"/>
                    <Setting id="HighdriveSelect" value="HighdriveNormal"/>
                    <Setting id="Pullup" value="Pullupdisable"/>
                    <Setting id="Output1" value="Output1disable"/>
                    <Setting id="Opendrain" value="Opendraindisable"/>
                </Segment>
                <Segment id="PORTx1_Item">
                    <Setting id="UseStatus" value="Unuse"/>
                    <Setting id="HighdriveSelect" value="HighdriveOut"/>
                    <Setting id="Pullup" value="Pullupdisable"/>
                    <Setting id="Output1" value="Output1disable"/>
                    <Setting id="Opendrain" value="Opendraindisable"/>
                </Segment>
                <Segment id="PORTx5_Item">
                    <Setting id="UseStatus" value="Unuse"/>
                    <Setting id="HighdriveSelect" value="HighdriveNormal"/>
                    <Setting id="Pullup" value="Pullupdisable"/>
                    <Setting id="Output1" value="Output1disable"/>
                    <Setting id="Opendrain" value="Opendraindisable"/>
                </Segment>
            </Segment>
            <Segment id="PORT4_Chan">
                <Setting id="HighdriveSelectAll" value="HighdriveNormalAll"/>
                <Setting id="Output1All" value="Output1Alldisable"/>
                <Setting id="UseStatusAll" value="UnuseAll"/>
                <Setting id="ApplyAll" value="ApplyallUnuse"/>
                <Setting id="PullupAll" value="PullupAlldisable"/>
                <Setting id="OpendrainAll" value="OpendrainAlldisable"/>
                <Segment id="PORTx4_Item">
                    <Setting id="UseStatus" value="Unuse"/>
                    <Setting id="HighdriveSelect" value="HighdriveNormal"/>
                    <Setting id="Pullup" value="Pullupdisable"/>
                    <Setting id="Output1" value="Output1disable"/>
                    <Setting id="Opendrain" value="Opendraindisable"/>
                </Segment>
                <Segment id="PORTx3_Item">
                    <Setting id="UseStatus" value="Unuse"/>
                    <Setting id="HighdriveSelect" value="HighdriveNormal"/>
                    <Setting id="Pullup" value="Pullupdisable"/>
                    <Setting id="Output1" value="Output1disable"/>
                    <Setting id="Opendrain" value="Opendraindisable"/>
                </Segment>
                <Segment id="PORTx7_Item">
                    <Setting id="UseStatus" value="Unuse"/>
                    <Setting id="HighdriveSelect" value="HighdriveNormal"/>
                    <Setting id="Pullup" value="Pullupdisable"/>
                    <Setting id="Output1" value="Output1disable"/>
                    <Setting id="Opendrain" value="Opendraindisable"/>
                </Segment>
                <Segment id="PORTx0_Item">
                    <Setting id="UseStatus" value="Unuse"/>
                    <Setting id="HighdriveSelect" value="HighdriveNormal"/>
                    <Setting id="Pullup" value="Pullupdisable"/>
                    <Setting id="Output1" value="Output1disable"/>
                    <Setting id="Opendrain" value="Opendraindisable"/>
                </Segment>
                <Segment id="PORTx2_Item">
                    <Setting id="UseStatus" value="Unuse"/>
                    <Setting id="HighdriveSelect" value="HighdriveNormal"/>
                    <Setting id="Pullup" value="Pullupdisable"/>
                    <Setting id="Output1" value="Output1disable"/>
                    <Setting id="Opendrain" value="Opendraindisable"/>
                </Segment>
                <Segment id="PORTx6_Item">
                    <Setting id="UseStatus" value="Unuse"/>
                    <Setting id="HighdriveSelect" value="HighdriveNormal"/>
                    <Setting id="Pullup" value="Pullupdisable"/>
                    <Setting id="Output1" value="Output1disable"/>
                    <Setting id="Opendrain" value="Opendraindisable"/>
                </Segment>
                <Segment id="PORTx1_Item">
                    <Setting id="UseStatus" value="Unuse"/>
                    <Setting id="HighdriveSelect" value="HighdriveNormal"/>
                    <Setting id="Pullup" value="Pullupdisable"/>
                    <Setting id="Output1" value="Output1disable"/>
                    <Setting id="Opendrain" value="Opendraindisable"/>
                </Segment>
                <Segment id="PORTx5_Item">
                    <Setting id="UseStatus" value="Unuse"/>
                    <Setting id="HighdriveSelect" value="HighdriveNormal"/>
                    <Setting id="Pullup" value="Pullupdisable"/>
                    <Setting id="Output1" value="Output1disable"/>
                    <Setting id="Opendrain" value="Opendraindisable"/>
                </Segment>
            </Segment>
            <Segment id="PORT5_Check">
                <Setting id="PortnEnable" value="Disable"/>
            </Segment>
            <Segment id="PORTA_Check">
                <Setting id="PortnEnable" value="Disable"/>
            </Segment>
            <Segment id="PORT4_Check">
                <Setting id="PortnEnable" value="Disable"/>
            </Segment>
            <Segment id="PORTD_Chan">
                <Setting id="HighdriveSelectAll" value="HighdriveNormalAll"/>
                <Setting id="Output1All" value="Output1Alldisable"/>
                <Setting id="UseStatusAll" value="UnuseAlldisbale"/>
                <Setting id="ApplyAll" value="ApplyallUnuse"/>
                <Setting id="PullupAll" value="PullupAlldisable"/>
                <Setting id="OpendrainAll" value="OpendrainAlldisable"/>
                <Segment id="PORTx4_Item">
                    <Setting id="UseStatus" value="Unuse"/>
                    <Setting id="HighdriveSelect" value="HighdriveNormal"/>
                    <Setting id="Pullup" value="PullupUnuse"/>
                    <Setting id="Output1" value="Output1Unuse"/>
                    <Setting id="Opendrain" value="CMOS"/>
                </Segment>
                <Segment id="PORTx3_Item">
                    <Setting id="UseStatus" value="Unuse"/>
                    <Setting id="HighdriveSelect" value="HighdriveNormal"/>
                    <Setting id="Pullup" value="PullupUnuse"/>
                    <Setting id="Output1" value="Output1Unuse"/>
                    <Setting id="Opendrain" value="CMOS"/>
                </Segment>
                <Segment id="PORTx7_Item">
                    <Setting id="UseStatus" value="Out"/>
                    <Setting id="HighdriveSelect" value="HighdriveNormal"/>
                    <Setting id="Pullup" value="PullupUnuse"/>
                    <Setting id="Output1" value="Output1Unuse"/>
                    <Setting id="Opendrain" value="CMOS"/>
                </Segment>
                <Segment id="PORTx0_Item">
                    <Setting id="UseStatus" value="Unuse"/>
                    <Setting id="HighdriveSelect" value="HighdriveNormal"/>
                    <Setting id="Pullup" value="PullupUnuse"/>
                    <Setting id="Output1" value="Output1Unuse"/>
                    <Setting id="Opendrain" value="CMOS"/>
                </Segment>
                <Segment id="PORTx2_Item">
                    <Setting id="UseStatus" value="Unuse"/>
                    <Setting id="HighdriveSelect" value="HighdriveNormal"/>
                    <Setting id="Pullup" value="PullupUnuse"/>
                    <Setting id="Output1" value="Output1Unuse"/>
                    <Setting id="Opendrain" value="CMOS"/>
                </Segment>
                <Segment id="PORTx6_Item">
                    <Setting id="UseStatus" value="Out"/>
                    <Setting id="HighdriveSelect" value="HighdriveNormal"/>
                    <Setting id="Pullup" value="PullupUnuse"/>
                    <Setting id="Output1" value="Output1Unuse"/>
                    <Setting id="Opendrain" value="CMOS"/>
                </Segment>
                <Segment id="PORTx1_Item">
                    <Setting id="UseStatus" value="Unuse"/>
                    <Setting id="HighdriveSelect" value="HighdriveNormal"/>
                    <Setting id="Pullup" value="PullupUnuse"/>
                    <Setting id="Output1" value="Output1Unuse"/>
                    <Setting id="Opendrain" value="CMOS"/>
                </Segment>
                <Segment id="PORTx5_Item">
                    <Setting id="UseStatus" value="Unuse"/>
                    <Setting id="HighdriveSelect" value="HighdriveNormal"/>
                    <Setting id="Pullup" value="PullupUnuse"/>
                    <Setting id="Output1" value="Output1Unuse"/>
                    <Setting id="Opendrain" value="CMOS"/>
                </Segment>
            </Segment>
            <Segment id="PORT3_Check">
                <Setting id="PortnEnable" value="Disable"/>
            </Segment>
            <Segment id="PORTA_Chan">
                <Setting id="HighdriveSelectAll" value="HighdriveNormalAll"/>
                <Setting id="Output1All" value="Output1Alldisable"/>
                <Setting id="UseStatusAll" value="UnuseAll"/>
                <Setting id="ApplyAll" value="ApplyallUnuse"/>
                <Setting id="PullupAll" value="PullupAlldisable"/>
                <Setting id="OpendrainAll" value="OpendrainAlldisable"/>
                <Segment id="PORTx4_Item">
                    <Setting id="UseStatus" value="Unuse"/>
                    <Setting id="HighdriveSelect" value="HighdriveNormal"/>
                    <Setting id="Pullup" value="Pullupdisable"/>
                    <Setting id="Output1" value="Output1disable"/>
                    <Setting id="Opendrain" value="Opendraindisable"/>
                </Segment>
                <Segment id="PORTx3_Item">
                    <Setting id="UseStatus" value="Unuse"/>
                    <Setting id="HighdriveSelect" value="HighdriveNormal"/>
                    <Setting id="Pullup" value="Pullupdisable"/>
                    <Setting id="Output1" value="Output1disable"/>
                    <Setting id="Opendrain" value="Opendraindisable"/>
                </Segment>
                <Segment id="PORTx7_Item">
                    <Setting id="UseStatus" value="Unuse"/>
                    <Setting id="HighdriveSelect" value="HighdriveNormal"/>
                    <Setting id="Pullup" value="Pullupdisable"/>
                    <Setting id="Output1" value="Output1disable"/>
                    <Setting id="Opendrain" value="Opendraindisable"/>
                </Segment>
                <Segment id="PORTx0_Item">
                    <Setting id="UseStatus" value="Unuse"/>
                    <Setting id="HighdriveSelect" value="HighdriveNormal"/>
                    <Setting id="Pullup" value="Pullupdisable"/>
                    <Setting id="Output1" value="Output1disable"/>
                    <Setting id="Opendrain" value="Opendraindisable"/>
                </Segment>
                <Segment id="PORTx2_Item">
                    <Setting id="UseStatus" value="Unuse"/>
                    <Setting id="HighdriveSelect" value="HighdriveNormal"/>
                    <Setting id="Pullup" value="Pullupdisable"/>
                    <Setting id="Output1" value="Output1disable"/>
                    <Setting id="Opendrain" value="Opendraindisable"/>
                </Segment>
                <Segment id="PORTx6_Item">
                    <Setting id="UseStatus" value="Unuse"/>
                    <Setting id="HighdriveSelect" value="HighdriveNormal"/>
                    <Setting id="Pullup" value="Pullupdisable"/>
                    <Setting id="Output1" value="Output1disable"/>
                    <Setting id="Opendrain" value="Opendraindisable"/>
                </Segment>
                <Segment id="PORTx1_Item">
                    <Setting id="UseStatus" value="Unuse"/>
                    <Setting id="HighdriveSelect" value="HighdriveNormal"/>
                    <Setting id="Pullup" value="Pullupdisable"/>
                    <Setting id="Output1" value="Output1disable"/>
                    <Setting id="Opendrain" value="Opendraindisable"/>
                </Segment>
                <Segment id="PORTx5_Item">
                    <Setting id="UseStatus" value="Unuse"/>
                    <Setting id="HighdriveSelect" value="HighdriveNormal"/>
                    <Setting id="Pullup" value="Pullupdisable"/>
                    <Setting id="Output1" value="Output1disable"/>
                    <Setting id="Opendrain" value="Opendraindisable"/>
                </Segment>
            </Segment>
            <Segment id="PORT1_Chan">
                <Setting id="HighdriveSelectAll" value="HighdriveNormalAll"/>
                <Setting id="Output1All" value="Output1Alldisable"/>
                <Setting id="UseStatusAll" value="UnuseAll"/>
                <Setting id="ApplyAll" value="ApplyallUnuse"/>
                <Setting id="PullupAll" value="PullupAlldisable"/>
                <Setting id="OpendrainAll" value="OpendrainAlldisable"/>
                <Segment id="PORTx4_Item">
                    <Setting id="UseStatus" value="Unuse"/>
                    <Setting id="HighdriveSelect" value="HighdriveNormal"/>
                    <Setting id="Pullup" value="Pullupdisable"/>
                    <Setting id="Output1" value="Output1disable"/>
                    <Setting id="Opendrain" value="Opendraindisable"/>
                </Segment>
                <Segment id="PORTx3_Item">
                    <Setting id="UseStatus" value="Unuse"/>
                    <Setting id="HighdriveSelect" value="HighdriveNormal"/>
                    <Setting id="Pullup" value="Pullupdisable"/>
                    <Setting id="Output1" value="Output1disable"/>
                    <Setting id="Opendrain" value="Opendraindisable"/>
                </Segment>
                <Segment id="PORTx7_Item">
                    <Setting id="UseStatus" value="Unuse"/>
                    <Setting id="HighdriveSelect" value="HighdriveOut"/>
                    <Setting id="Pullup" value="Pullupdisable"/>
                    <Setting id="Output1" value="Output1disable"/>
                    <Setting id="Opendrain" value="Opendraindisable"/>
                </Segment>
                <Segment id="PORTx2_Item">
                    <Setting id="UseStatus" value="Unuse"/>
                    <Setting id="HighdriveSelect" value="HighdriveNormal"/>
                    <Setting id="Pullup" value="Pullupdisable"/>
                    <Setting id="Output1" value="Output1disable"/>
                    <Setting id="Opendrain" value="Opendraindisable"/>
                </Segment>
                <Segment id="PORTx6_Item">
                    <Setting id="UseStatus" value="Unuse"/>
                    <Setting id="HighdriveSelect" value="HighdriveNormal"/>
                    <Setting id="Pullup" value="Pullupdisable"/>
                    <Setting id="Output1" value="Output1disable"/>
                    <Setting id="Opendrain" value="Opendraindisable"/>
                </Segment>
                <Segment id="PORTx5_Item">
                    <Setting id="UseStatus" value="Unuse"/>
                    <Setting id="HighdriveSelect" value="HighdriveNormal"/>
                    <Setting id="Pullup" value="Pullupdisable"/>
                    <Setting id="Output1" value="Output1disable"/>
                    <Setting id="Opendrain" value="Opendraindisable"/>
                </Segment>
            </Segment>
            <Segment id="PORT5_Chan">
                <Setting id="HighdriveSelectAll" value="HighdriveNormalAll"/>
                <Setting id="Output1All" value="Output1Alldisable"/>
                <Setting id="UseStatusAll" value="UnuseAll"/>
                <Setting id="ApplyAll" value="ApplyallUnuse"/>
                <Setting id="PullupAll" value="PullupAlldisable"/>
                <Setting id="OpendrainAll" value="OpendrainAlldisable"/>
                <Segment id="PORTx4_Item">
                    <Setting id="UseStatus" value="Unuse"/>
                    <Setting id="HighdriveSelect" value="HighdriveNormal"/>
                    <Setting id="Pullup" value="Pullupdisable"/>
                    <Setting id="Output1" value="Output1disable"/>
                    <Setting id="Opendrain" value="Opendraindisable"/>
                </Segment>
                <Segment id="PORTx3_Item">
                    <Setting id="UseStatus" value="Unuse"/>
                    <Setting id="HighdriveSelect" value="HighdriveOut"/>
                    <Setting id="Pullup" value="Pullupdisable"/>
                    <Setting id="Output1" value="Output1disable"/>
                    <Setting id="Opendrain" value="Opendraindisable"/>
                </Segment>
                <Segment id="PORTx0_Item">
                    <Setting id="UseStatus" value="Unuse"/>
                    <Setting id="HighdriveSelect" value="HighdriveNormal"/>
                    <Setting id="Pullup" value="Pullupdisable"/>
                    <Setting id="Output1" value="Output1disable"/>
                    <Setting id="Opendrain" value="Opendraindisable"/>
                </Segment>
                <Segment id="PORTx2_Item">
                    <Setting id="UseStatus" value="Unuse"/>
                    <Setting id="HighdriveSelect" value="HighdriveNormal"/>
                    <Setting id="Pullup" value="Pullupdisable"/>
                    <Setting id="Output1" value="Output1disable"/>
                    <Setting id="Opendrain" value="Opendraindisable"/>
                </Segment>
                <Segment id="PORTx1_Item">
                    <Setting id="UseStatus" value="Unuse"/>
                    <Setting id="HighdriveSelect" value="HighdriveNormal"/>
                    <Setting id="Pullup" value="Pullupdisable"/>
                    <Setting id="Output1" value="Output1disable"/>
                    <Setting id="Opendrain" value="Opendraindisable"/>
                </Segment>
                <Segment id="PORTx5_Item">
                    <Setting id="UseStatus" value="Unuse"/>
                    <Setting id="HighdriveSelect" value="HighdriveNormal"/>
                    <Setting id="Pullup" value="Pullupdisable"/>
                    <Setting id="Output1" value="Output1disable"/>
                    <Setting id="Opendrain" value="Opendraindisable"/>
                </Segment>
            </Segment>
            <Segment id="PORTE_Check">
                <Setting id="PortnEnable" value="Disable"/>
            </Segment>
            <Segment id="PORTJ_Chan">
                <Setting id="HighdriveSelectAll" value="HighdriveNormalAll"/>
                <Setting id="Output1All" value="Output1Alldisable"/>
                <Setting id="UseStatusAll" value="UnuseAll"/>
                <Setting id="ApplyAll" value="ApplyallUnuse"/>
                <Setting id="PullupAll" value="PullupAlldisable"/>
                <Setting id="OpendrainAll" value="OpendrainAlldisable"/>
                <Segment id="PORTx3_Item">
                    <Setting id="UseStatus" value="Unuse"/>
                    <Setting id="HighdriveSelect" value="HighdriveNormal"/>
                    <Setting id="Pullup" value="Pullupdisable"/>
                    <Setting id="Output1" value="Output1disable"/>
                    <Setting id="Opendrain" value="Opendraindisable"/>
                </Segment>
            </Segment>
            <Segment id="PORTD_Check">
                <Setting id="PortnEnable" value="Enable"/>
            </Segment>
            <Segment id="PORTE_Chan">
                <Setting id="HighdriveSelectAll" value="HighdriveNormalAll"/>
                <Setting id="Output1All" value="Output1Alldisable"/>
                <Setting id="UseStatusAll" value="UnuseAll"/>
                <Setting id="ApplyAll" value="ApplyallUnuse"/>
                <Setting id="PullupAll" value="PullupAlldisable"/>
                <Setting id="OpendrainAll" value="OpendrainAlldisable"/>
                <Segment id="PORTx4_Item">
                    <Setting id="UseStatus" value="Unuse"/>
                    <Setting id="HighdriveSelect" value="HighdriveNormal"/>
                    <Setting id="Pullup" value="Pullupdisable"/>
                    <Setting id="Output1" value="Output1disable"/>
                    <Setting id="Opendrain" value="Opendraindisable"/>
                </Segment>
                <Segment id="PORTx3_Item">
                    <Setting id="UseStatus" value="Unuse"/>
                    <Setting id="HighdriveSelect" value="HighdriveNormal"/>
                    <Setting id="Pullup" value="Pullupdisable"/>
                    <Setting id="Output1" value="Output1disable"/>
                    <Setting id="Opendrain" value="Opendraindisable"/>
                </Segment>
                <Segment id="PORTx7_Item">
                    <Setting id="UseStatus" value="Unuse"/>
                    <Setting id="HighdriveSelect" value="HighdriveNormal"/>
                    <Setting id="Pullup" value="Pullupdisable"/>
                    <Setting id="Output1" value="Output1disable"/>
                    <Setting id="Opendrain" value="Opendraindisable"/>
                </Segment>
                <Segment id="PORTx0_Item">
                    <Setting id="UseStatus" value="Unuse"/>
                    <Setting id="HighdriveSelect" value="HighdriveNormal"/>
                    <Setting id="Pullup" value="Pullupdisable"/>
                    <Setting id="Output1" value="Output1disable"/>
                    <Setting id="Opendrain" value="Opendraindisable"/>
                </Segment>
                <Segment id="PORTx2_Item">
                    <Setting id="UseStatus" value="Unuse"/>
                    <Setting id="HighdriveSelect" value="HighdriveNormal"/>
                    <Setting id="Pullup" value="Pullupdisable"/>
                    <Setting id="Output1" value="Output1disable"/>
                    <Setting id="Opendrain" value="Opendraindisable"/>
                </Segment>
                <Segment id="PORTx6_Item">
                    <Setting id="UseStatus" value="Unuse"/>
                    <Setting id="HighdriveSelect" value="HighdriveNormal"/>
                    <Setting id="Pullup" value="Pullupdisable"/>
                    <Setting id="Output1" value="Output1disable"/>
                    <Setting id="Opendrain" value="Opendraindisable"/>
                </Segment>
                <Segment id="PORTx1_Item">
                    <Setting id="UseStatus" value="Unuse"/>
                    <Setting id="HighdriveSelect" value="HighdriveNormal"/>
                    <Setting id="Pullup" value="Pullupdisable"/>
                    <Setting id="Output1" value="Output1disable"/>
                    <Setting id="Opendrain" value="Opendraindisable"/>
                </Segment>
                <Segment id="PORTx5_Item">
                    <Setting id="UseStatus" value="Unuse"/>
                    <Setting id="HighdriveSelect" value="HighdriveNormal"/>
                    <Setting id="Pullup" value="Pullupdisable"/>
                    <Setting id="Output1" value="Output1disable"/>
                    <Setting id="Opendrain" value="Opendraindisable"/>
                </Segment>
            </Segment>
            <Segment id="PORT2_Check">
                <Setting id="PortnEnable" value="Disable"/>
            </Segment>
        </Segment>
        <Segment component="com.renesas.smc.tools.swcomponent.rtosconfigurator.freertos.kernelfreertos10.4.3-rx-1.0.10" id="FreeRTOS_Kernel" source="com.renesas.smc.tools.swcomponent.rtosconfigurator.source"/>
    </Segment>
</QE>
