<?xml version="1.0" encoding="UTF-8" standalone="no"?>
<project>
	<configuration id="com.renesas.cdt.managedbuild.renesas.ccrx.hardwaredebug.configuration.481098117" name="HardwareDebug">
		<extension point="org.eclipse.cdt.core.LanguageSettingsProvider">
			<provider copy-of="extension" id="org.eclipse.cdt.ui.UserLanguageSettingsProvider"/>
			<provider-reference id="com.renesas.cdt.managedbuild.renesas.ccrx.renesasTcBuiltinLanguageSettings" ref="shared-provider"/>
			<provider class="com.renesas.cdt.managedbuild.renesas.ccrx.internal.RenesasCCRXBuiltinSpecsDetector" console="false" env-hash="409518247890017032" id="com.renesas.cdt.managedbuild.renesas.renesasCCRXBuildinCompilerSettings" keep-relative-paths="false" name="Renesas Toolchain Builtin Compiler Settings CC-RX" parameter="${COMMAND} ${toolchain_flags} ${FLAGS}" prefer-non-shared="true">
				<language-scope id="org.eclipse.cdt.core.gcc"/>
				<language-scope id="org.eclipse.cdt.core.g++"/>
			</provider>
			<provider-reference id="org.eclipse.cdt.managedbuilder.core.MBSLanguageSettingsProvider" ref="shared-provider"/>
		</extension>
	</configuration>
</project>